番号,名言・格言,解説,出典
1,人生において最も重要なことは、愛と情熱を持ち続けることだ。,"人生を切り開くためには、愛と情熱が不可欠だ。","マハトマ・ガンジー"
2,失敗することを恐れてはいけない。,"失敗を恐れず挑戦し続けることで、真の成長がある。","アインシュタイン"
3,夢を追いかけることに遅すぎることはない。,"どんな年齢でも、自分の夢を追い求めることが重要だ。","ジョージ・エリオット"
4,今日という日は、人生で一度きりの日。,"今という瞬間を大切にし、全力で生きることが大切だ。","日本のことわざ"
5,他人と比べることなく、自分を大切にしよう。,"他人と自分を比べて焦ることなく、自分のペースで進むことが大事だ。","アリストテレス"
6,成功は努力の結果だ。,"成功には必ず努力が必要で、それが報われる瞬間が来る。","トーマス・エジソン"
7,幸せは歩いてくるものではなく、作るものだ。,"自分から幸せを求め、行動することが鍵だ。","アンドリュー・カーネギー"
8,今できる最善のことをしよう。,"未来を心配するよりも、目の前のことに全力を尽くすことが大切だ。","日本のことわざ"
9,人生に失敗はない。,"失敗は単なる経験であり、それが次の成功へのステップになる。","ヘレン・ケラー"
10,心の中に平和を持つことで、外の世界が変わる。,"自分の心の平和を保つことで、周りの環境も変わっていく。","マハトマ・ガンジー"
11,希望を捨てずに生きることが重要だ。,"どんな状況でも希望を持ち続けることで、道は開ける。","ウィンストン・チャーチル"
12,やりたいことがあるなら、今すぐ始めよう。,"先延ばしせず、今すぐに行動を起こすことが成功への近道だ。","デール・カーネギー"
13,変わりたいと思ったその瞬間から変わり始める。,"変化は自分の決意から始まる。行動することで未来が変わる。","アラン"
14,過去を悔やむより、未来に希望を持とう。,"過去を振り返るよりも、未来に向かって希望を持ち続けることが大切だ。","日本のことわざ"
15,失敗は学びのチャンスだ。,"失敗は次の成功に向かっての貴重な学びだ。","ヘンリー・フォード"
16,他人の期待に応えることより、自分の期待に応えよう。,"他人の期待に応えすぎず、自分の目標に向かって進むことが大切だ。","ウィリアム・シェイクスピア"
17,他人を愛することで、自分も幸せになる。,"愛は与えることで自分に返ってくる。","オスカー・ワイルド"
18,希望を持ち続ければ、どんな困難も乗り越えられる。,"希望は人生の支えとなり、どんな困難でも乗り越える力を与えてくれる。","マザー・テレサ"
19,夢は持ち続ける限り、叶うものだ。,"夢は諦めずに持ち続けることで、必ず実現する。","ウォルト・ディズニー"
20,思考を変えれば、人生も変わる。,"ポジティブな思考が人生を明るくし、成功を引き寄せる。","ノーマン・ヴィンセント・ピール"
21,できることから少しずつ始めよう。,"大きな目標を達成するためには、小さな一歩から始めることが重要だ。","ラルフ・ワルド・エマーソン"
22,人の言葉に左右されず、自分を信じよう。,"他人の言葉に振り回されず、自分を信じて進むことが大切だ。","スティーブ・ジョブズ"
23,今日の努力が未来の自分を作る。,"毎日の努力が未来を作ると考え、毎日を大切に過ごそう。","ウォーレン・バフェット"
24,幸福は心の中にある。,"本当の幸せは外の物に依存せず、心の中から生まれる。","アリストテレス"
25,自分のペースで進んでいけば、必ずゴールにたどり着ける。,"他人と比較せず、自分のペースで進むことが成功の秘訣だ。","日本のことわざ"
26,今日は未来を作るための一歩だ。,"今日の行動が、明日の未来を作り出す。","ジョン・F・ケネディ"
27,周りの人々がどんなに批判しても、自分を貫こう。,"他人の意見に惑わされず、自分の信念を貫くことが成功への道だ。","アインシュタイン"
28,どんな小さな進歩でも、それは確実な前進だ。,"小さな一歩でも、積み重ねれば大きな成果になる。","アリストテレス"
29,愛されるよりも、愛することが重要だ。,"与える愛が、最終的に自分に戻ってくる。","アナイス・ニン"
30,過去に縛られることなく、今を大切に生きよう。,"過去の出来事に囚われず、今という瞬間を大切にしよう。","日本のことわざ"
31,失敗しないと成功はない。,"失敗を恐れず挑戦することが成功の一歩だ。","ヘンリー・フォード"
32,明日は今日より良い日になる。,"どんな辛いことがあっても、明日は新しいチャンスが訪れる。","トーマス・ジェファーソン"
33,行動を起こすことで、夢は現実になる。,"行動し続けることで、夢は実現に近づく。","ウォルト・ディズニー"
34,すべての挑戦は自分を強くする。,"挑戦を乗り越えることで、自分はどんどん強くなる。","ジョージ・パットン"
35,過去に縛られることなく、今を大切に生きよう。,"過去の出来事に囚われず、今という瞬間を大切にしよう。","日本のことわざ"
36,人生は挑戦の連続だ。,"どんなに辛い時も、挑戦し続けることが大切だ。","ウィンストン・チャーチル"
37,今日という日を楽しむことが、人生を豊かにする。,"今日を楽しむことが、より良い人生を作る。","エマーソン"
38,あなたの心が決めた道が正しい。,"他人の意見ではなく、自分の心の声を信じて進むことが大切だ。","スティーブ・ジョブズ"
39,心の中の自分を信じれば、何でもできる。,"自分に自信を持って行動すれば、どんな困難も乗り越えられる。","ヘレン・ケラー"
40,ポジティブな考えが、ポジティブな結果を生む。,"前向きな考え方が、人生の結果に良い影響を与える。","ノーマン・ヴィンセント・ピール"
41,行動が全てを変える。,"思うだけでなく、実際に行動を起こすことが結果を生む。","アンドリュー・カーネギー"
42,笑顔が運命を変える。,"笑顔を持ち続けることで、周りの人々にも良い影響を与える。","ウィリアム・シェイクスピア"
43,あきらめないことが成功を呼び込む。,"どんなに困難な状況でも、あきらめなければ道は開ける。","ジョン・ウェスレー"
44,自分を信じて、前を向いて進んでいこう。,"自信を持って前進することが、人生の鍵だ。","アンドリュー・カーネギー"
45,他人の意見に左右されず、自分を信じて進め。,"他人の評価に左右されず、自分の信念を持って進むことが成功の秘訣だ。","スティーブ・ジョブズ"
46,今日が一番若い日だ。,"未来のことを考えるのも大切だが、今日という日は二度と戻ってこない。","フランクリン・ピアース"
47,挑戦を楽しむ心を持とう。,"挑戦を楽しむことで、どんな困難も乗り越えられる。","エイブラハム・リンカーン"
48,言葉で勇気を与える。,"ポジティブな言葉は他人にも自分にも勇気を与える。","ジョン・F・ケネディ"
49,一歩ずつ進んでいけば、必ずゴールにたどり着ける。,"目標に向かって少しずつでも進むことが大事だ。","アルベルト・アインシュタイン"
50,本当の強さは、心の中にある。,"外見の力だけでなく、内面的な強さを持つことが大切だ。","マハトマ・ガンジー"
51,いつも笑顔でいることが、最も素晴らしい戦略だ。,"笑顔は心を癒し、人々を引き寄せる力がある。","チャールズ・チャップリン"
52,他人を変えようとするより、自分を変えることが先決だ。,"他人を変えようとするのではなく、自分を変えることが、最も大切だ。","アントワネット・フランク"
53,すべての成功は挑戦から生まれる。,"挑戦し続けることで、成功を手に入れることができる。","ラルフ・ワルド・エマーソン"
54,今日を大切にすることが、未来を作る。,"今日という日を大切にし、全力を尽くすことが未来を築く。","マザー・テレサ"
55,逆境は自分を鍛えるチャンスだ。,"逆境を乗り越えることで、内面が成長し強くなる。","フリードリヒ・ニーチェ"
56,物事を前向きに考えることが、成功への鍵だ。,"ポジティブな思考は、最も効果的な成功法則だ。","アンドリュー・カーネギー"
57,あなたにできることは、きっとあります。,"自分の可能性を信じて、できることを探し続けることが大切だ。","バラク・オバマ"
58,心の平和は、最も重要な富である。,"物質的な豊かさよりも、心の平和を保つことが本当の幸福だ。","ブッダ"
59,信じることができれば、どんな困難でも乗り越えられる。,"自分を信じ、夢を追い続けることで、どんな困難も乗り越えられる。","ヘレン・ケラー"
60,挑戦は恐れるべきではなく、楽しむべきだ。,"挑戦は自分を成長させるチャンスだ。恐れずに楽しもう。","ウィンストン・チャーチル"
61,失敗から学び、成功を手に入れる。,"失敗を恐れず、それを学びの機会として活かすことで、成功に繋がる。","ジョン・C・マクスウェル"
62,未来は自分の手の中にある。,"自分の手の中にある今の選択が、未来を決定づける。","バラク・オバマ"
63,一度きりの人生を無駄にしないで。,"限られた時間をどう使うかが、その後の人生を形作る。","スティーブ・ジョブズ"
64,今やれることを精一杯やることが、未来を作る。,"今日できることを精一杯やることで、素晴らしい未来を作ることができる。","アリストテレス"
65,他人を批判する前に、自分を見つめ直すことが大切だ。,"他人を批判するのではなく、自分の行動を振り返ることが成長の鍵だ。","アリストテレス"
66,周りの世界は、あなたの心を映し出している。,"自分の心を整えることで、周りの世界も穏やかに感じられる。","エックハルト・トール"
67,挑戦は新しい道を開く。,"挑戦することで、新しい道が開かれ、成長できる。","ジョン・ウッデン"
68,自分にできることを、今すぐ始めよう。,"未来を想像することは大切だが、行動を起こすことが最も重要だ。","ジョン・F・ケネディ"
69,心の中に平和を保つことが、幸せへの第一歩だ。,"心の中に平和を持つことで、幸せが自然にやってくる。","マハトマ・ガンジー"
70,自分の信念を大切に、行動し続けることが成功の鍵だ。,"他人の意見に惑わされず、自分の信念を貫くことで結果が得られる。","スティーブ・ジョブズ"
71,逆境こそが、成長のチャンスである。,"困難な時期こそ、自分を成長させるチャンスだ。","ウォルト・ディズニー"
72,小さな努力が大きな成功を生む。,"小さな積み重ねが最終的に大きな成果につながる。","ヘンリー・フォード"
73,思い通りにいかない時こそ、学ぶチャンスだ。,"障害や困難な時こそ、成長するための貴重な経験が得られる。","ラルフ・ワルド・エマーソン"
74,何事も諦めず、続けることが大切だ。,"諦めずに続けることで、成果が見えてくる。","ウォルト・ディズニー"
75,ポジティブな思考は、全てを変える力がある。,"前向きな考え方が、人生を豊かにする。","ノーマン・ヴィンセント・ピール"
76,自分を信じることが、最も強い力だ。,"自信を持って行動することで、困難を乗り越える力が得られる。","オスカー・ワイルド"
77,挑戦することでしか、成長できない。,"挑戦を受け入れることで、自分を成長させることができる。","エイブラハム・リンカーン"
78,どんな小さな一歩でも、それが進むための重要な一歩だ。,"小さな前進が集まることで、最終的に大きな成果につながる。","アリストテレス"
79,心に抱く夢を信じ、行動し続けることが成功への道だ。,"夢を信じ、行動することで道が開ける。","ウォルト・ディズニー"
80,希望があれば、どんな困難でも乗り越えられる。,"希望を持ち続けることで、どんな壁も越えていける。","ヴィンセント・ヴァン・ゴッホ"
81,やりたくないことをやっている時が、成長の時だ。,"自分が避けたいことに挑戦することで、自分を成長させる。","オスカー・ワイルド"
82,心の中に希望があれば、外の世界も変わる。,"心に希望を持ち続けることで、世界は少しずつ変わる。","マハトマ・ガンジー"
83,他人を幸せにすることで、自分も幸せになる。,"他人の幸せを考えることで、自分の幸せも増していく。","マザー・テレサ"
84,挑戦を恐れず、自分を信じて進もう。,"恐れずに挑戦することで、必ず成長することができる。","ヘレン・ケラー"
85,ポジティブな考えは、ポジティブな結果を生む。,"前向きな考え方が、最終的に良い結果を生み出す。","ノーマン・ヴィンセント・ピール"
86,成功は一歩一歩の積み重ねだ。,"成功は一朝一夕では得られず、地道な努力の積み重ねで得られる。","アリストテレス"
87,愛は力であり、すべてを変える力がある。,"愛には、すべてを乗り越える力がある。","マハトマ・ガンジー"
88,最も大きな成功は、自分自身を信じることだ。,"自分を信じ、他人に流されない強さを持つことが成功の鍵だ。","ウォルト・ディズニー"
89,日々の努力が、未来を作る。,"毎日の努力が、やがて大きな成果につながる。","トーマス・エジソン"
90,心に希望を持つことで、道が開ける。,"希望を抱くことで、どんな困難も乗り越えられる。","ヴィクトル・ユーゴー"
91,目標を持ち、それに向かって進むことが成功への第一歩だ。,"明確な目標を持ち、それに向かって行動することが成功の基本だ。","トーマス・エジソン"
92,努力を続けることが、最も大きな成功を生む。,"諦めずに努力し続けることが、最も大きな成果を得る方法だ。","ウィンストン・チャーチル"
93,人生の中で最も大切なのは、愛と時間だ。,"人生で最も大切なものは、愛とそれを分かち合う時間だ。","スティーブ・ジョブズ"
94,目の前のことに集中することで、成果は自然に生まれる。,"一つ一つのことに全力で取り組むことで、結果はついてくる。","アリストテレス"
95,過去の経験は、未来を切り開くための力になる。,"過去の経験から学び、それを活かして前進しよう。","ヘンリー・フォード"
96,自分の信念に従い、他人の意見に左右されない。,"他人の意見に振り回されず、自分の信念を大切にすることが重要だ。","スティーブ・ジョブズ"
97,他人の評価を気にするのではなく、自分自身を大切にしよう。,"他人の評価ではなく、自分の価値を信じて行動することが大切だ。","ウォルト・ディズニー"
98,人生には挑戦があるからこそ、成長がある。,"挑戦を乗り越えることで成長し、新たな可能性が広がる。","ジョン・ウッデン"
99,どんなに辛い時も、前を向いて進み続けよう。,"困難な時期を乗り越えれば、新たな希望が見えてくる。","アンドリュー・カーネギー"
100,失敗から学び、前進することが成長の証だ。,"失敗を恐れず、そこから学び、次に活かすことが大切だ。","ヘンリー・フォード"
101,幸せは手に入れるものではなく、感じるものである。,"幸福感は外的な要因ではなく、自分の心の状態によって決まる。","アリストテレス"
102,全力を尽くすことが、最も素晴らしい結果を生む。,"全力を尽くして努力することで、必ず成長と成果が得られる。","トーマス・エジソン"
103,あなたができると思えば、できる。,"自分を信じ、できると考えることで、どんなことでも達成できる。","ヘンリー・フォード"
104,今日という日は、未来を形作る貴重な一日だ。,"今を大切に過ごすことで、未来を素晴らしいものにできる。","ジョン・C・マクスウェル"
105,他人と自分を比べないことが、心の平和を保つ秘訣だ。,"他人と比較することなく、自分自身の成長を大切にすることが重要だ。","エックハルト・トール"
106,過去に執着することなく、今を生きよう。,"過去のことにとらわれず、今を大切に生きることで未来が開ける。","セネカ"
107,変化は恐れるものではなく、受け入れるものだ。,"変化を恐れず、新しいものを受け入れることで、成長できる。","チャールズ・ダーウィン"
108,自分の信じる道を歩き続けることが、最も価値のあることだ。,"他人の意見に流されず、自分の道を貫くことが成功につながる。","スティーブ・ジョブズ"
109,困難があるからこそ、達成感も大きい。,"困難に挑戦することで、成功を達成したときの喜びが大きくなる。","ウィンストン・チャーチル"
110,何事も努力と時間で成し遂げられる。,"努力を続けることと時間をかけることで、どんな目標も達成可能になる。","アインシュタイン"
111,毎日少しずつ成長することが、最終的な成功につながる。,"毎日の努力と成長が、積み重なって大きな成果を生み出す。","ヘンリー・フォード"
112,夢は追い続けることで現実になる。,"夢を追い続けることで、それを現実にする力を持つことができる。","ウォルト・ディズニー"
113,他人に優しさを与えることで、自己成長にもつながる。,"他人に優しく接することで、自分も成長し、豊かな心を育むことができる。","マザー・テレサ"
114,何度でも立ち上がることが、成功への鍵だ。,"失敗しても諦めず、立ち上がり続けることで成長し、成功へとつながる。","ネルソン・マンデラ"
115,全ては自分の心の持ち方次第だ。,"心の持ち方が、人生を大きく左右する。ポジティブに考えることで、道は開ける。","マハトマ・ガンジー"
116,他人の成功に嫉妬するのではなく、自分を高めることに集中しよう。,"他人の成功に心を奪われることなく、自分の成長に集中することが重要だ。","マーク・トウェイン"
117,毎日の努力が、幸せを形作る。,"毎日の小さな努力が積み重なって、幸せな人生を作り上げる。","アリストテレス"
118,最も困難な時に、最も素晴らしい成長がある。,"困難な時期にこそ、大きな成長が得られるチャンスが隠されている。","アントワネット・フランク"
119,未来を作るためには、今できることをしっかりと行うことだ。,"未来を切り開くためには、今を大切にして行動することが大切だ。","アンドリュー・カーネギー"
120,自分の限界を決めるのは自分自身だ。,"自分の限界は自分で決めることができる。挑戦し続けることで限界を超えていける。","ヘンリー・フォード"
121,他人に優しさを与えることが、最も幸せな道だ。,"他人に与える優しさが、最終的に自分にも幸せをもたらす。","ラルフ・ワルド・エマーソン"
122,夢を追うことが、人生の意義である。,"夢を持ち、そのために努力することが、人生を充実させる鍵だ。","スティーブ・ジョブズ"
123,どんな困難にも意味がある。,"どんな困難な状況にも、それを乗り越えることで得られる大切な学びがある。","アルベルト・アインシュタイン"
124,今日を一生懸命生きることが、明日への最良の準備だ。,"今日の努力が、明日を輝かせる。","アリストテレス"
125,過去にとらわれることなく、前を向いて進もう。,"過去の失敗や後悔に囚われず、前進することが重要だ。","フリードリヒ・ニーチェ"
126,ポジティブな考え方こそが、人生を豊かにする。,"前向きな思考が、人生の質を高める。","ノーマン・ヴィンセント・ピール"
127,失敗を恐れず、挑戦し続けることが大切だ。,"失敗を恐れることなく、挑戦し続けることで成長することができる。","ジョン・C・マクスウェル"
128,何事も一歩ずつ前進することが最も大切だ。,"大きな成果を得るためには、一歩一歩地道に進むことが重要だ。","ウィンストン・チャーチル"
129,自分の心に従って生きることが、最も幸福な方法だ。,"他人の期待に応えようとするのではなく、自分の心に従って生きることが幸福につながる。","ヘレン・ケラー"
130,どんな状況でも、自分を信じることが大切だ。,"自分の力を信じ、どんな困難でも乗り越えられると確信することが重要だ。","エイブラハム・リンカーン"
131,成功の道は、たゆまぬ努力と学びの積み重ねだ。,"成功は一夜にして成し遂げられるものではない。努力と学びを続けることが成功の道を開く。","ジョン・C・マクスウェル"
132,失敗を恐れず、前進し続けることが最も重要だ。,"失敗を学びの機会として活かし、前進し続けることが成功への道だ。","トーマス・エジソン"
133,自分の心を整理し、未来に対する確信を持つことが大切だ。,"自分の心を整理し、未来に対して確信を持つことで、道が開ける。","セネカ"
134,他人のために生きることで、自分も豊かになる。,"他人を思いやることで、自分も豊かな気持ちを得られる。","アルベルト・シュバイツァー"
135,努力し続けることで、自分の限界を超えられる。,"努力を続けることで、限界を突破し、さらに成長することができる。","ヘンリー・フォード"
136,最も素晴らしい冒険は、夢を追うことだ。,"夢を追い続けることが、最も素晴らしい冒険だ。","ウォルト・ディズニー"
137,毎日の積み重ねが、未来を築く。,"日々の積み重ねが、最終的に大きな成果を生み出す。","マルコム・グラッドウェル"
138,すべての問題には解決策がある。,"どんな問題にも必ず解決策があるので、諦めずに挑戦し続けよう。","アルベルト・アインシュタイン"
139,誰かのために力を尽くすことが、最も価値のあることだ。,"他人のために尽力することで、充実した人生を送ることができる。","マザー・テレサ"
140,過去の自分と比べて、少しでも前に進んでいれば、それが成功だ。,"他人と比較するのではなく、過去の自分とどれだけ成長したかを見ることが大切だ。","マーク・トウェイン"
141,人生を楽しむことが、成功への最短距離だ。,"楽しむ心を持って、毎日を過ごすことで、成功を引き寄せることができる。","アルベルト・アインシュタイン"
142,努力すれば必ず結果が出る。,"努力を続けることで、必ず成果が得られる。","ウィンストン・チャーチル"
143,成功の秘訣は、諦めないことにある。,"成功するためには、どんなに辛い時でも諦めずに続けることが大切だ。","トーマス・エジソン"
144,自分の限界を決めるのは自分自身だ。,"自分がどれだけできるかは、自分がどれだけ信じるかで決まる。","ヘンリー・フォード"
145,他人と比較するのではなく、自分の進歩を喜ぼう。,"他人と比べることなく、自分がどれだけ進歩したかを喜び、成長を実感しよう。","オプラ・ウィンフリー"
146,自分を信じることが、最も大切なことだ。,"自分を信じることで、どんな困難でも乗り越えられる力が湧いてくる。","ヘンリー・フォード"
147,最も難しい時期にこそ、最も成長できる。,"困難に直面することで、自分の力を最大限に引き出せる。","ウィンストン・チャーチル"
148,心の中に平和を持つことが、人生の幸福を生む。,"内面的な平和を保つことが、外面的な幸福を生み出す。","アラン"
149,他人に優しくすることで、心の平和が得られる。,"他人に優しさを示すことで、自分自身の心も落ち着き、平和を感じることができる。","ラルフ・ワルド・エマーソン"
150,どんな小さなことでも、前進することが大切だ。,"毎日少しずつでも前進することが、大きな成果を生む。","ジョン・C・マクスウェル"
151,素直な心が、人生を豊かにする。,"素直に受け入れ、学ぶことで、人生は豊かになっていく。","マハトマ・ガンジー"
152,他人の成功を祝うことで、自分も豊かになる。,"他人の成功を祝うことで、心の広さが育まれ、豊かな人生を送ることができる。","ウォルト・ディズニー"
153,失敗を恐れずに挑戦し続けることが成功の鍵だ。,"失敗を恐れずに前進し続けることが最終的に成功を引き寄せる。","アインシュタイン"
154,夢を持ち続けることが、人生を充実させる。,"夢を追い続けることで、毎日が生き生きとしたものになる。","ウォルト・ディズニー"
155,未来に向かって一歩を踏み出すことが、最も大切だ。,"未来を作るためには、まず一歩を踏み出す勇気が必要だ。","ヘレン・ケラー"
156,大きな成功は、数多くの小さな努力の積み重ねだ。,"成功は一夜にして訪れるものではなく、日々の努力の積み重ねによって得られる。","アンドリュー・カーネギー"
157,毎日を最高の一日にすることが、人生を豊かにする。,"毎日を精一杯楽しむことで、人生そのものが豊かで素晴らしいものになる。","ジョージ・ハーバート"
158,他人を励ますことで、自分も力を得る。,"他人を励ますことで、自分自身も力をもらい、ポジティブな気持ちになれる。","マザー・テレサ"
159,すべての問題には解決策がある。,"どんな問題も、解決策を見つけることで必ず乗り越えられる。","アルベルト・アインシュタイン"
160,日々の小さな努力が、大きな成果を生む。,"毎日の少しの努力が、大きな成果につながることを忘れずに行動することが大切だ。","ジョン・C・マクスウェル"
161,人間は失敗を恐れずに挑戦することで成長する。,"失敗を恐れず挑戦し続けることで、学びと成長が得られる。","トーマス・エジソン"
162,成功とは他人との競争ではなく、自己成長である。,"成功は他人と競うものではなく、自分自身がどれだけ成長したかにかかっている。","スティーブ・ジョブズ"
163,過去を振り返らず、未来に目を向けよう。,"過去のことに悩むことなく、未来に向かって歩みを進めよう。","ジョン・F・ケネディ"
164,自分の信念に従って行動すれば、道は開ける。,"自分の信念に従って行動し続けることで、必ず道は開ける。","ヘンリー・フォード"
165,自分を変えることで、世界を変えることができる。,"自分自身が変わることで、周りの世界も変わり、良い方向に進む。","ガンジー"
166,毎日少しずつでも前に進めば、必ず目標にたどり着く。,"少しの進歩でも続けることが、最終的に大きな成果を生む。","ジョン・C・マクスウェル"
167,目標を設定することが、成功への第一歩だ。,"目標を明確に設定することで、その達成に向けて進む道が見えるようになる。","ジム・ローレン"
168,努力することで、自信がつき、成功を引き寄せる。,"努力することによって、自信が養われ、成功への道が開ける。","ウォルト・ディズニー"
169,今日できることをしっかりやることが、未来を作る。,"未来の成功は、今日の努力から生まれる。","アンドリュー・カーネギー"
170,人生に無駄なことは一つもない。,"どんな経験も、自分を成長させるために必要な過程である。","ジョージ・バーナード・ショー"
171,恐れずに前進することで、人生に新しい道が開ける。,"恐れずに前進することで、未知の可能性を発見し、人生が広がる。","ジョージ・ハーバート"
172,最も重要なのは、他人と競うことではなく、昨日の自分を超えることだ。,"昨日の自分より一歩進んだ自分を目指すことで、着実に成長できる。","チャールズ・ダーウィン"
173,小さな進歩も、続ければ大きな成果につながる。,"小さな一歩を踏み出し続けることで、驚くべき成果を得られる。","ロバート・コリアー"
174,失敗は成長の過程であり、成功へのステップである。,"失敗を恐れず、学びの機会として活用することが成功への近道となる。","マイケル・ジョーダン"
175,他人に与えることが、自分にとって最も幸せなことである。,"他人に与えることで、自分もまた幸せを感じることができる。","ラルフ・ワルド・エマーソン"
176,毎日少しずつでも目標に向かって進んでいけば、必ず達成できる。,"毎日少しずつ努力することで、大きな目標を達成できる。","ウィンストン・チャーチル"
177,どんな状況でも前向きな考えを持つことが、成功への鍵だ。,"ポジティブな考え方が、どんな困難にも立ち向かう力を与える。","ノーマン・ヴィンセント・ピール"
178,他人の成功を祝福することが、自分を豊かにする。,"他人の成功を心から祝福することで、自分も豊かさを感じることができる。","ヘンリー・フォード"
179,努力を続けることが、最も重要なことだ。,"努力は裏切らない。続けることで必ず成果が出る。","アリストテレス"
180,ポジティブな心が、人生を明るくする。,"ポジティブな心で毎日を過ごすことが、人生を輝かせる。","ノーマン・ヴィンセント・ピール"
181,人生は短い。後悔しないように生きるべきだ。,"後悔を避けるためには、今この瞬間を大切にして、最善を尽くすことが大切だ。","スティーブ・ジョブズ"
182,幸福は物質的なものに依存しない。,"真の幸福は心の持ちようであり、物質的なものに依存しない。","ヘンリー・デイヴィッド・ソロー"
183,周囲を助けることで、人生が豊かになる。,"他人に手を差し伸べることで、自分の人生も豊かで満たされる。","オプラ・ウィンフリー"
184,過去を変えることはできないが、未来を変えることはできる。,"過去に囚われず、未来に向けて行動することで、新しい道を切り開ける。","ジョン・F・ケネディ"
185,希望は心の中にある。,"どんな困難でも、希望を持ち続けることで乗り越える力を得られる。","マーティン・ルーサー・キング・ジュニア"
186,大きな成功は小さな努力の積み重ねから生まれる。,"日々の努力を積み重ねることで、最終的に大きな成果を得られる。","アンドリュー・カーネギー"
187,人生は一度きりだから、悔いのないように生きよう。,"一度きりの人生だからこそ、毎日を最大限に楽しむことが大切だ。","ジョン・ウッド"
188,小さなことに感謝することで、人生が豊かになる。,"日常の小さなことに感謝することで、人生は幸せで満ち足りたものになる。","アラン"
189,困難を乗り越えることで、強くなる。,"困難を経験することで、成長し、より強くなることができる。","フリードリヒ・ニーチェ"
190,常に前向きな考えを持つことが、人生を変える。,"前向きな考えが、周りの状況を良くし、人生を変える力になる。","ウィンストン・チャーチル"
191,他人を尊重することで、自分も尊敬される。,"他人を尊重することで、自分も自然と尊敬を得られる。","コンフュシウス"
192,夢を持つことで、人生が充実する。,"夢を追い続けることで、毎日が生き生きとしたものになる。","ウォルト・ディズニー"
193,成功するためには、諦めずに努力し続けることが大切だ。,"どんなに大変でも、諦めずに努力を続けることで成功が訪れる。","トーマス・エジソン"
194,他人と競争することより、自分と競争することが大切だ。,"自分の限界を超えるために努力し続けることが、最も重要だ。","ルー・ホルト"
195,失敗を恐れずに挑戦し続けることが、成功の鍵だ。,"失敗を恐れずに挑戦し続けることで、最終的に成功を手に入れることができる。","アインシュタイン"
196,最も大きなリスクは、何も行動しないことだ。,"行動を起こさなければ、何も得ることはできない。リスクを恐れずに挑戦しよう。","マーク・ザッカーバーグ"
197,心の中に希望を持つことで、どんな困難も乗り越えられる。,"希望を失わずに前進することで、どんな困難も乗り越えることができる。","アラン"
198,他人に優しくすることで、自分も幸せになれる。,"他人に優しさを示すことで、自分もまた幸せを感じることができる。","ラルフ・ワルド・エマーソン"
199,一歩踏み出すことで、未来が開ける。,"最初の一歩を踏み出すことが、未来を切り開くための重要な第一歩となる。","ジョン・C・マクスウェル"
200,成功とは、失敗を繰り返しても諦めないことだ。,"失敗を恐れず、繰り返し挑戦することで、最終的に成功を手にすることができる。","ウィンストン・チャーチル"
201,失敗を恐れずに行動することが、成功への第一歩だ。,"失敗を恐れずに行動を起こすことが、成功への道を開く。","トーマス・エジソン"
202,自分を信じて進むことで、可能性が広がる。,"自分に自信を持って進むことで、未知の可能性が広がっていく。","ヘンリー・フォード"
203,笑顔は最も強力な武器だ。,"笑顔を絶やさずにいることで、どんな困難も乗り越えられる力が湧く。","チャールズ・チャップリン"
204,ポジティブな思考が、幸せを引き寄せる。,"前向きに考えることで、自然と良いことが引き寄せられる。","ノーマン・ヴィンセント・ピール"
205,困難な時期を乗り越えることで、人は強くなる。,"困難を乗り越えるたびに、自己成長が実感できる。","フリードリヒ・ニーチェ"
206,大きな夢を持つことで、人生はより輝く。,"夢を持ち続けることで、人生がより意味深く、充実したものになる。","ウォルト・ディズニー"
207,他人と比較するのではなく、自分の成長を喜ぼう。,"自分がどれだけ進歩したかを喜び、他人と比べずに生きることが大切だ。","オプラ・ウィンフリー"
208,目標を持つことで、人生に方向性が生まれる。,"明確な目標を持つことで、人生に目的を持って進むことができる。","ジョン・C・マクスウェル"
209,失敗を恐れずに挑戦し続けることが、成功を引き寄せる。,"失敗から学び、次に進むことが成功の秘訣である。","ウィンストン・チャーチル"
210,人生の目的は、他人に喜びを与えることだ。,"他人を喜ばせることで、自己満足感と充実感を得ることができる。","アインシュタイン"
211,自分が変わることで、周りの世界も変わる。,"自分を変えることで、周囲にも良い影響を与え、世界が変わる。","ガンジー"
212,どんなに小さな一歩でも前進し続けることが大切だ。,"一歩ずつ前進し続けることで、大きな成果に繋がる。","マルコム・フォーブス"
213,夢を持ち続けることが、人生を支える力になる。,"夢を追い続けることで、日々が希望に満ちたものになる。","ウォルト・ディズニー"
214,挑戦することで、人生が豊かになる。,"挑戦し続けることで、さまざまな経験を得て、人生は豊かになる。","ネルソン・マンデラ"
215,他人に優しくすることで、自分も癒される。,"他人に親切にすることで、自分の心も穏やかになり、癒される。","マザー・テレサ"
216,努力と忍耐は、必ず報われる。,"どんなに辛くても、努力と忍耐を続けることで、必ず成功を手にすることができる。","アンドリュー・カーネギー"
217,最も大切なのは、今を生きることだ。,"過去や未来に囚われず、今この瞬間を大切に生きることが重要だ。","マハトマ・ガンジー"
218,前向きな心が、どんな困難も乗り越える力になる。,"ポジティブな心を持ち続けることで、どんな困難でも乗り越えられる。","ジョン・F・ケネディ"
219,他人を理解し、受け入れることで、心が広がる。,"他人を受け入れることで、心が広がり、深い理解を得ることができる。","コンフュシウス"
220,目標に向かって進むことで、人生に意味が生まれる。,"目標を持つことで、毎日が意味のあるものとなり、充実感を得ることができる。","ジム・ローレン"
221,どんな小さな成功も大切にしよう。,"小さな成功を積み重ねることで、大きな成功に繋がる。","アンドリュー・カーネギー"
222,他人と協力することで、より大きな成果が得られる。,"協力し合うことで、自分一人では得られない成果を得ることができる。","ヘンリー・フォード"
223,自分の力を信じることで、道は開ける。,"自分の力を信じて前進することで、どんな障害も乗り越えられる。","マイケル・ジョーダン"
224,諦めないことが、最も大切なことだ。,"どんなに厳しい状況でも諦めずに続けることで、必ず成功が訪れる。","トーマス・エジソン"
225,どんな状況でも感謝の気持ちを持つことが、人生を豊かにする。,"感謝の気持ちを持つことで、ポジティブなエネルギーが生まれる。","アラン"
226,困難を乗り越えることで、自分の力を知ることができる。,"困難を乗り越えるたびに、自分の強さと成長を実感できる。","マハトマ・ガンジー"
227,人生は挑戦するためにある。,"挑戦することで、未知の世界が広がり、自己成長が促進される。","ジョン・ウッド"
228,夢を持つことが、人生を支える力となる。,"夢を持ち続けることで、人生の目的が明確になり、前進する力が湧く。","ウォルト・ディズニー"
229,前に進むことが最も大切なことだ。,"どんなに小さな一歩でも前進し続けることが、最終的に成功を生む。","ジョン・C・マクスウェル"
230,笑顔は世界を明るくする。,"笑顔を絶やさずにいることで、周りの人々にも良い影響を与えることができる。","チャールズ・チャップリン"
231,成功の鍵は、諦めずに努力を続けることだ。,"成功は一度の試みではなく、諦めずに努力を続けることで得られる。","ウィンストン・チャーチル"
232,人生は短い。今を楽しむことが最も重要だ。,"今を楽しむことで、未来に向けて力を蓄えることができる。","エピクテトス"
233,過去を悔やむのではなく、未来に目を向けよう。,"過去に囚われず、未来に向けて行動を起こすことが大切だ。","マハトマ・ガンジー"
234,他人に優しさを与えることで、自分も幸せになれる。,"他人に優しさを示すことで、自分の心も温かくなる。","オプラ・ウィンフリー"
235,一歩踏み出すことで、未来は変わる。,"第一歩を踏み出すことで、どんな未来も切り開ける。","ジョン・ウッド"
236,人生は自分次第でどうにでもなる。,"自分の心の持ちようや行動次第で、人生の方向性は大きく変わる。","アーノルド・シュワルツェネッガー"
237,自分にとって最も大切なことに時間を使うべきだ。,"時間は限られているからこそ、自分にとって大切なことに集中することが重要だ。","スティーブ・ジョブズ"
238,どんな小さな努力も、未来に大きな影響を与える。,"日々の小さな努力が積み重なり、大きな成果を生む。","ロバート・コリアー"
239,人生の目的は、他者に喜びを与えることだ。,"他人を幸せにすることで、自分の人生も豊かになる。","ダライ・ラマ"
240,毎日の小さな積み重ねが、大きな成果を生む。,"一日の小さな努力の積み重ねが、最終的に大きな成果をもたらす。","サミュエル・ジョンソン"
241,夢は持ち続けることが大切だ。,"夢を持つことで、毎日が充実し、前向きに生きる力が湧いてくる。","ウォルト・ディズニー"
242,他人と比較することなく、自分らしく生きることが一番大切だ。,"他人と比較することなく、自分のペースで生きることで、幸せを感じられる。","ルー・ホルト"
243,人生は自分の選択の積み重ねでできている。,"選択を積み重ねることで、自分の人生が形作られる。","スティーブ・ジョブズ"
244,成功するためには、まず失敗を恐れないことが重要だ。,"失敗を恐れず挑戦し続けることで、成功へと繋がる。","マイケル・ジョーダン"
245,自分を信じることで、どんな困難も乗り越えられる。,"自分を信じて進むことで、どんな困難も乗り越えることができる。","アーノルド・シュワルツェネッガー"
246,心の中に希望を持ち続けることで、人生は豊かになる。,"希望を持ち続けることで、どんな困難も乗り越えられる力が湧く。","エリザベス・キューブラー・ロス"
247,挑戦することを恐れず、前に進み続けることが成功に繋がる。,"挑戦を恐れずに進み続けることで、最終的に目標に到達する。","ジョン・ウッド"
248,自己肯定感を高めることで、人生がより豊かになる。,"自分を肯定し、自信を持つことで、人生がより充実したものになる。","ルイーズ・L・ヘイ"
249,ポジティブな思考が、困難を乗り越える力を与えてくれる。,"前向きに考えることで、どんな困難も乗り越える力が湧く。","ナポレオン・ヒル"
250,幸せは他人と分かち合うことで増える。,"幸せを他人と分かち合うことで、自分の幸せもさらに大きくなる。","アリストテレス"
251,人生は旅であり、目的地ではない。,"人生は過程であり、その途中の経験こそが大切だ。","ラルフ・ワルド・エマーソン"
252,他人に感謝の気持ちを持つことで、自分も幸せになれる。,"感謝の気持ちを持ち続けることで、人生は豊かになる。","エピクテトス"
253,困難な状況でも、前向きに考えることが解決への近道だ。,"ポジティブな思考が、困難を乗り越える鍵となる。","エイブラハム・リンカーン"
254,今この瞬間を大切に生きることで、未来が変わる。,"今を生きることが、未来に良い影響を与える。","ダライ・ラマ"
255,他人の成功を祝うことで、自分も成長する。,"他人の成功を素直に祝うことで、自分も成長し、学びの機会を得る。","オプラ・ウィンフリー"
256,人生は一度きりだから、毎日を楽しむべきだ。,"一度きりの人生だからこそ、毎日を最大限に楽しむことが大切だ。","ジョン・ウッド"
257,挑戦は成長の源であり、恐れるべきではない。,"挑戦することが成長を促し、人生を豊かにする。","ウィンストン・チャーチル"
258,他人を尊重することで、心が豊かになる。,"他人を尊重することで、相手との関係も深まり、自分の心が豊かになる。","コンフュシウス"
259,夢を持って生きることが、人生を輝かせる。,"夢を持ち続けることで、毎日が意味のあるものとなり、輝きを増す。","ウォルト・ディズニー"
260,前向きな言葉を使うことで、ポジティブなエネルギーが生まれる。,"ポジティブな言葉を使うことで、周りにも良い影響を与えることができる。","ナポレオン・ヒル"
261,どんなに小さな一歩でも前進し続けることが成功に繋がる。,"一歩一歩進むことで、目標達成への道が開ける。","サミュエル・ジョンソン"
262,他人の意見に左右されず、自分の信じる道を歩もう。,"自分の価値観に従い、他人の意見に左右されないことが大切だ。","スティーブ・ジョブズ"
263,あなたの今の努力が未来を決める。,"今の努力が将来の成功に繋がるので、全力を尽くすことが重要だ。","トーマス・エジソン"
264,成長するためには、時には自分を変える勇気も必要だ。,"変化を恐れず、成長するために自分を変えることが必要だ。","ジョン・F・ケネディ"
265,困難な時期も必ず乗り越えられると信じよう。,"どんなに厳しい時でも、信じることで乗り越えられる力が湧いてくる。","オプラ・ウィンフリー"
266,自分のペースで進むことで、他人に惑わされない。,"自分のペースを守り、他人と比べずに進むことが成功に繋がる。","マイケル・ジョーダン"
267,挑戦することで自分の限界を知り、成長できる。,"挑戦することで新しい自分を発見し、成長することができる。","エリック・シュミット"
268,過去の経験が今の自分を作り上げている。,"過去の経験は無駄ではなく、今の自分を成長させている。","ヘンリー・フォード"
269,人生において最も大切なのは、他者とのつながりだ。,"他者とのつながりが人生を豊かにし、成功にも繋がる。","ダライ・ラマ"
270,どんなに小さなことでも感謝の気持ちを忘れない。,"小さなことでも感謝の気持ちを持つことで、人生が豊かになる。","アラン"
271,今できることを全力でやることが未来に繋がる。,"今できることを精一杯やることで、未来の成功に繋がる。","ウォルト・ディズニー"
272,他人の成功を素直に祝うことで、自分も成長できる。,"他人の成功を祝うことで、自分の心が広がり、成長できる。","オプラ・ウィンフリー"
273,自分の夢を追いかけることが、人生の本当の幸せだ。,"夢を追い続けることで、人生に意味を見出すことができる。","ウォルト・ディズニー"
274,どんな困難な状況でも、心の中で希望を持ち続けよう。,"希望を持ち続けることで、どんな困難にも立ち向かえる。","マーチン・ルーサー・キング・ジュニア"
275,最も価値のあるものは、金銭ではなく経験である。,"物質的なものよりも、経験こそが人生を豊かにする。","アインシュタイン"
276,人生の価値は、どれだけ与えることができるかにかかっている。,"与えることこそが、人生の本当の価値を高める。","アルベルト・シュバイツァー"
277,どんなに小さな変化でも、前向きな成長を実感できる。,"小さな変化でも、それを実感することで成長を感じることができる。","レオ・バスカリア"
278,未来を変えるためには、今を全力で生きることが重要だ。,"未来を良くするために、今を全力で生きることが必要だ。","スティーブ・ジョブズ"
279,挑戦し続けることが、人生の最も素晴らしい部分だ。,"挑戦することで、自分の成長と可能性に気づくことができる。","ネルソン・マンデラ"
280,目標に向かって進むことで、人生の方向性が明確になる。,"目標を持って進むことで、人生の目的が見えてくる。","ジム・ローレン"
281,過去を振り返らず、前に進むことが大切だ。,"過去に囚われることなく、未来を見据えて進むことが成功に繋がる。","アインシュタイン"
282,困難を乗り越えた先に、本当の喜びが待っている。,"困難を乗り越えた先には、思いもよらない喜びが待っている。","フリードリヒ・ニーチェ"
283,自分を信じて行動すれば、道は開ける。,"自分に自信を持って行動することで、道が開けてくる。","ジョン・ウッド"
284,他人の幸せを喜べる心を持つことが、人生を豊かにする。,"他人を喜ばせることが、自分の心も豊かにする。","オプラ・ウィンフリー"
285,失敗から学ぶことで、次に進む力を得ることができる。,"失敗は成長のチャンスであり、それから学ぶことが重要だ。","トーマス・エジソン"
286,自分の力を信じることが、成功への第一歩だ。,"自分を信じることで、どんな困難にも立ち向かうことができる。","マイケル・ジョーダン"
287,ポジティブな考えが、人生を豊かにする。,"ポジティブに考えることで、周りの人々にも良い影響を与えられる。","ノーマン・ヴィンセント・ピール"
288,自分を大切にすることで、周りにも良い影響を与えることができる。,"自分を大切にすることで、他人に優しくできるようになる。","ルイーズ・L・ヘイ"
289,挑戦することこそが、人生を楽しくする。,"挑戦することで、新しい可能性を広げ、人生を充実させることができる。","ヘンリー・フォード"
290,目標を設定することで、人生がもっと明確になる。,"目標を持つことで、人生の方向性が明確になり、進むべき道が見えてくる。","ジム・ローレン"
291,他人を助けることで、自分の人生も豊かになる。,"他人を助けることで、自己満足と充実感を感じることができる。","マザー・テレサ"
292,自分の弱さを認めることが、成長への第一歩だ。,"自分の弱さを認め、改善することで成長を実感できる。","アンソニー・ロビンズ"
293,ポジティブなエネルギーを発することで、周囲の人々も変わる。,"ポジティブなエネルギーが周囲にも良い影響を与え、環境が良くなる。","オプラ・ウィンフリー"
294,幸せを感じることが、人生を豊かにする秘訣だ。,"幸せを感じることができれば、どんな困難も乗り越えられる力が湧く。","アラン"
295,小さな成功を積み重ねることで、大きな目標を達成できる。,"小さな成功が大きな成功に繋がり、最終的に大きな成果を生む。","サミュエル・ジョンソン"
296,他人の意見に流されず、自分の道を歩み続けよう。,"自分の道を信じて歩み続けることで、必ず成功に辿り着ける。","スティーブ・ジョブズ"
297,失敗を恐れず挑戦し続けることが成功を生む。,"失敗を恐れず挑戦し続けることで、成功が得られる。","トーマス・エジソン"
298,人生の意味は、与えることにある。,"他人に与えることで、人生に本当の意味と充実感が生まれる。","アルベルト・シュバイツァー"
299,過去の失敗を学びに変えることで、成長することができる。,"失敗から学び、次に活かすことで成長することができる。","ジョン・C・マクスウェル"
300,自分を信じ、前に進むことで、すべての障害を克服できる。,"自分を信じ、前進し続けることで、すべての障害を乗り越えることができる。","マイケル・ジョーダン"